id,firstname,lastname,email
100,Nanete,Yusuk,Nanete.Yusuk@yopmail.com
101,Henriette,Telfer,Henriette.Telfer@yopmail.com
102,Deloria,Daegal,Deloria.Daegal@yopmail.com
103,Elmira,Jena,Elmira.Jena@yopmail.com
104,Diena,Soneson,Diena.Soneson@yopmail.com
105,Kathy,Waldron,Kathy.Waldron@yopmail.com
106,Jasmina,Peg,Jasmina.Peg@yopmail.com
107,Ermengarde,Minetta,Ermengarde.Minetta@yopmail.com
108,Orsola,Grimbly,Orsola.Grimbly@yopmail.com
109,Carilyn,Honoria,Carilyn.Honoria@yopmail.com
110,Jobi,Bartlett,Jobi.Bartlett@yopmail.com
111,Delilah,Sikorski,Delilah.Sikorski@yopmail.coms
112,Brooks,Poppy,Brooks.Poppy@yopmail.com
113,Lory,Schwejda,Lory.Schwejda@yopmail.com
114,Blake,Alwin,Blake.Alwin@yopmail.com
115,Ericka,Blake,Ericka.Blake@yopmail.com
116,Florie,Linehan,Florie.Linehan@yopmail.com
117,Michaelina,Llovera,Michaelina.Llovera@yopmail.com
118,Fred,Pauly,Fred.Pauly@yopmail.com
119,Corry,Holbrook,Corry.Holbrook@yopmail.com
120,Genovera,Winthorpe,Genovera.Winthorpe@yopmail.com
121,Kimmy,Bates,Kimmy.Bates@yopmail.com
122,Teddie,Tiffa,Teddie.Tiffa@yopmail.com
123,Gertrud,Brandice,Gertrud.Brandice@yopmail.com
124,Linet,Dorothy,Linet.Dorothy@yopmail.com
125,Ayn,Podvin,Ayn.Podvin@yopmail.com
126,Chloris,Nerita,Chloris.Nerita@yopmail.com
127,Vanessa,Salvidor,Vanessa.Salvidor@yopmail.com
128,Magdalena,Kalinda,Magdalena.Kalinda@yopmail.com
129,Edee,Horan,Edee.Horan@yopmail.com
130,Teriann,Pearse,Teriann.Pearse@yopmail.com
131,Sue,Merriott,Sue.Merriott@yopmail.com
132,Di,Shaddock,Di.Shaddock@yopmail.com
133,Asia,Carleen,Asia.Carleen@yopmail.com
134,Berget,Montgomery,Berget.Montgomery@yopmail.com
135,Flo,Podvin,Flo.Podvin@yopmail.com
136,Gaylene,Fleeta,Gaylene.Fleeta@yopmail.com
137,Fayre,Swigart,Fayre.Swigart@yopmail.com
138,Berget,Eugenia,Berget.Eugenia@yopmail.com
139,Karly,Sasnett,Karly.Sasnett@yopmail.com
140,Lusa,Chaing,Lusa.Chaing@yopmail.com
141,Edee,Sherfield,Edee.Sherfield@yopmail.com
142,Annecorinne,Seagraves,Annecorinne.Seagraves@yopmail.com
143,Gabriellia,Eldrid,Gabriellia.Eldrid@yopmail.com
144,Jillayne,Rillings,Jillayne.Rillings@yopmail.com
145,Valeda,Geffner,Valeda.Geffner@yopmail.com
146,Imojean,Syd,Imojean.Syd@yopmail.com
147,Belva,Fillbert,Belva.Fillbert@yopmail.com
148,Karlee,Sandye,Karlee.Sandye@yopmail.com
149,Adore,Wittie,Adore.Wittie@yopmail.com
150,Shauna,Emerson,Shauna.Emerson@yopmail.com
151,Veda,Argus,Veda.Argus@yopmail.com
152,Odessa,Tacye,Odessa.Tacye@yopmail.com
153,Sara-Ann,Sundin,Sara-Ann.Sundin@yopmail.com
154,Lizzie,Norvol,Lizzie.Norvol@yopmail.com
155,Dorice,Merriott,Dorice.Merriott@yopmail.com
156,Corry,Prober,Corry.Prober@yopmail.com
157,Annabela,Dominy,Annabela.Dominy@yopmail.com
158,Mariann,Izaak,Mariann.Izaak@yopmail.com
159,Helena,Izaak,Helena.Izaak@yopmail.com
160,Oralee,Codding,Oralee.Codding@yopmail.com
161,Modestia,Elvyn,Modestia.Elvyn@yopmail.com
162,Janey,Madaih,Janey.Madaih@yopmail.com
163,Starla,Othilia,Starla.Othilia@yopmail.com
164,Dagmar,Colleen,Dagmar.Colleen@yopmail.com
165,Roberta,Ezar,Roberta.Ezar@yopmail.com
166,Shauna,Wilona,Shauna.Wilona@yopmail.com
167,Alia,Rebecka,Alia.Rebecka@yopmail.com
168,Frances,Ortrude,Frances.Ortrude@yopmail.com
169,Bertine,Rustice,Bertine.Rustice@yopmail.com
170,Mignon,Izaak,Mignon.Izaak@yopmail.com
171,Vivia,Huggins,Vivia.Huggins@yopmail.com
172,Myrtice,Danby,Myrtice.Danby@yopmail.com
173,Tersina,Artie,Tersina.Artie@yopmail.com
174,Dennie,Vivle,Dennie.Vivle@yopmail.com
175,Noelle,Nester,Noelle.Nester@yopmail.com
176,Laure,Stoller,Laure.Stoller@yopmail.com
177,Di,Hoban,Di.Hoban@yopmail.com
178,Aubrie,Revkah,Aubrie.Revkah@yopmail.com
179,Juliane,Fadiman,Juliane.Fadiman@yopmail.com
180,Wilma,Percy,Wilma.Percy@yopmail.com
181,Kayla,Ferino,Kayla.Ferino@yopmail.com
182,Cristabel,Randene,Cristabel.Randene@yopmail.com
183,Fanchon,Nickola,Fanchon.Nickola@yopmail.com
184,Janey,Ries,Janey.Ries@yopmail.com
185,Olwen,Grayce,Olwen.Grayce@yopmail.com
186,Flory,Revkah,Flory.Revkah@yopmail.com
187,Christy,Carlson,Christy.Carlson@yopmail.com
188,Bee,Johnsson,Bee.Johnsson@yopmail.com
189,Fred,Karna,Fred.Karna@yopmail.com
190,Jany,Virgin,Jany.Virgin@yopmail.com
191,Jinny,Chrystel,Jinny.Chrystel@yopmail.com
192,Nikki,Sholley,Nikki.Sholley@yopmail.com
193,Sindee,Munn,Sindee.Munn@yopmail.com
194,Laure,Erskine,Laure.Erskine@yopmail.com
195,Ursulina,Velick,Ursulina.Velick@yopmail.com
196,Ashlee,Krystle,Ashlee.Krystle@yopmail.com
197,Anallese,Esmaria,Anallese.Esmaria@yopmail.com
198,Eadie,Bonilla,Eadie.Bonilla@yopmail.com
199,Dania,Atonsah,Dania.Atonsah@yopmail.com
200,Dede,Mike,Dede.Mike@yopmail.com
